Number of Threads,Time Taken (seconds)
1,6.462430953979492
2,2.2996468544006348
4,2.362318754196167
8,1.9996659755706787
12,2.038323163986206
